{"name":"spring-boot-jwt","classpathEntries":[{"kind":"binary","path":"C:\\Program Files\\Java\\jdk1.8.0_201\\jre\\lib\\resources.jar","javadocContainerUrl":"https://docs.oracle.com/javase/1/docs/api/","isSystem":true,"isOwn":false,"isTest":false,"isJavaContent":false},{"kind":"binary","path":"C:\\Program Files\\Java\\jdk1.8.0_201\\jre\\lib\\rt.jar","javadocContainerUrl":"https://docs.oracle.com/javase/1/docs/api/","isSystem":true,"isOwn":false,"isTest":false,"isJavaContent":false},{"kind":"binary","path":"C:\\Program Files\\Java\\jdk1.8.0_201\\jre\\lib\\jsse.jar","javadocContainerUrl":"https://docs.oracle.com/javase/1/docs/api/","isSystem":true,"isOwn":false,"isTest":false,"isJavaContent":false},{"kind":"binary","path":"C:\\Program Files\\Java\\jdk1.8.0_201\\jre\\lib\\jce.jar","javadocContainerUrl":"https://docs.oracle.com/javase/1/docs/api/","isSystem":true,"isOwn":false,"isTest":false,"isJavaContent":false},{"kind":"binary","path":"C:\\Program Files\\Java\\jdk1.8.0_201\\jre\\lib\\charsets.jar","javadocContainerUrl":"https://docs.oracle.com/javase/1/docs/api/","isSystem":true,"isOwn":false,"isTest":false,"isJavaContent":false},{"kind":"binary","path":"C:\\Program Files\\Java\\jdk1.8.0_201\\jre\\lib\\jfr.jar","javadocContainerUrl":"https://docs.oracle.com/javase/1/docs/api/","isSystem":true,"isOwn":false,"isTest":false,"isJavaContent":false},{"kind":"binary","path":"C:\\Users\\DELL\\.m2\\repository\\org\\springframework\\boot\\spring-boot-starter-web\\2.0.1.RELEASE\\spring-boot-starter-web-2.0.1.RELEASE.jar","sourceContainerUrl":"file:/C:/Users/DELL/.m2/repository/org/springframework/boot/spring-boot-starter-web/2.0.1.RELEASE/spring-boot-starter-web-2.0.1.RELEASE-sources.jar","isSystem":false,"isOwn":false,"isTest":false,"isJavaContent":false},{"kind":"binary","path":"C:\\Users\\DELL\\.m2\\repository\\org\\springframework\\boot\\spring-boot-starter\\2.0.1.RELEASE\\spring-boot-starter-2.0.1.RELEASE.jar","sourceContainerUrl":"file:/C:/Users/DELL/.m2/repository/org/springframework/boot/spring-boot-starter/2.0.1.RELEASE/spring-boot-starter-2.0.1.RELEASE-sources.jar","isSystem":false,"isOwn":false,"isTest":false,"isJavaContent":false},{"kind":"binary","path":"C:\\Users\\DELL\\.m2\\repository\\org\\springframework\\boot\\spring-boot\\2.0.1.RELEASE\\spring-boot-2.0.1.RELEASE.jar","sourceContainerUrl":"file:/C:/Users/DELL/.m2/repository/org/springframework/boot/spring-boot/2.0.1.RELEASE/spring-boot-2.0.1.RELEASE-sources.jar","javadocContainerUrl":"file:/C:/Users/DELL/.m2/repository/org/springframework/boot/spring-boot/2.0.1.RELEASE/spring-boot-2.0.1.RELEASE-javadoc.jar","isSystem":false,"isOwn":false,"isTest":false,"isJavaContent":false},{"kind":"binary","path":"C:\\Users\\DELL\\.m2\\repository\\org\\springframework\\boot\\spring-boot-autoconfigure\\2.0.1.RELEASE\\spring-boot-autoconfigure-2.0.1.RELEASE.jar","sourceContainerUrl":"file:/C:/Users/DELL/.m2/repository/org/springframework/boot/spring-boot-autoconfigure/2.0.1.RELEASE/spring-boot-autoconfigure-2.0.1.RELEASE-sources.jar","javadocContainerUrl":"file:/C:/Users/DELL/.m2/repository/org/springframework/boot/spring-boot-autoconfigure/2.0.1.RELEASE/spring-boot-autoconfigure-2.0.1.RELEASE-javadoc.jar","isSystem":false,"isOwn":false,"isTest":false,"isJavaContent":false},{"kind":"binary","path":"C:\\Users\\DELL\\.m2\\repository\\org\\springframework\\boot\\spring-boot-starter-logging\\2.0.1.RELEASE\\spring-boot-starter-logging-2.0.1.RELEASE.jar","sourceContainerUrl":"file:/C:/Users/DELL/.m2/repository/org/springframework/boot/spring-boot-starter-logging/2.0.1.RELEASE/spring-boot-starter-logging-2.0.1.RELEASE-sources.jar","isSystem":false,"isOwn":false,"isTest":false,"isJavaContent":false},{"kind":"binary","path":"C:\\Users\\DELL\\.m2\\repository\\ch\\qos\\logback\\logback-classic\\1.2.3\\logback-classic-1.2.3.jar","sourceContainerUrl":"file:/C:/Users/DELL/.m2/repository/ch/qos/logback/logback-classic/1.2.3/logback-classic-1.2.3-sources.jar","javadocContainerUrl":"file:/C:/Users/DELL/.m2/repository/ch/qos/logback/logback-classic/1.2.3/logback-classic-1.2.3-javadoc.jar","isSystem":false,"isOwn":false,"isTest":false,"isJavaContent":false},{"kind":"binary","path":"C:\\Users\\DELL\\.m2\\repository\\ch\\qos\\logback\\logback-core\\1.2.3\\logback-core-1.2.3.jar","sourceContainerUrl":"file:/C:/Users/DELL/.m2/repository/ch/qos/logback/logback-core/1.2.3/logback-core-1.2.3-sources.jar","javadocContainerUrl":"file:/C:/Users/DELL/.m2/repository/ch/qos/logback/logback-core/1.2.3/logback-core-1.2.3-javadoc.jar","isSystem":false,"isOwn":false,"isTest":false,"isJavaContent":false},{"kind":"binary","path":"C:\\Users\\DELL\\.m2\\repository\\org\\apache\\logging\\log4j\\log4j-to-slf4j\\2.10.0\\log4j-to-slf4j-2.10.0.jar","sourceContainerUrl":"file:/C:/Users/DELL/.m2/repository/org/apache/logging/log4j/log4j-to-slf4j/2.10.0/log4j-to-slf4j-2.10.0-sources.jar","javadocContainerUrl":"file:/C:/Users/DELL/.m2/repository/org/apache/logging/log4j/log4j-to-slf4j/2.10.0/log4j-to-slf4j-2.10.0-javadoc.jar","isSystem":false,"isOwn":false,"isTest":false,"isJavaContent":false},{"kind":"binary","path":"C:\\Users\\DELL\\.m2\\repository\\org\\apache\\logging\\log4j\\log4j-api\\2.10.0\\log4j-api-2.10.0.jar","sourceContainerUrl":"file:/C:/Users/DELL/.m2/repository/org/apache/logging/log4j/log4j-api/2.10.0/log4j-api-2.10.0-sources.jar","javadocContainerUrl":"file:/C:/Users/DELL/.m2/repository/org/apache/logging/log4j/log4j-api/2.10.0/log4j-api-2.10.0-javadoc.jar","isSystem":false,"isOwn":false,"isTest":false,"isJavaContent":false},{"kind":"binary","path":"C:\\Users\\DELL\\.m2\\repository\\org\\slf4j\\jul-to-slf4j\\1.7.25\\jul-to-slf4j-1.7.25.jar","sourceContainerUrl":"file:/C:/Users/DELL/.m2/repository/org/slf4j/jul-to-slf4j/1.7.25/jul-to-slf4j-1.7.25-sources.jar","javadocContainerUrl":"file:/C:/Users/DELL/.m2/repository/org/slf4j/jul-to-slf4j/1.7.25/jul-to-slf4j-1.7.25-javadoc.jar","isSystem":false,"isOwn":false,"isTest":false,"isJavaContent":false},{"kind":"binary","path":"C:\\Users\\DELL\\.m2\\repository\\javax\\annotation\\javax.annotation-api\\1.3.2\\javax.annotation-api-1.3.2.jar","sourceContainerUrl":"file:/C:/Users/DELL/.m2/repository/javax/annotation/javax.annotation-api/1.3.2/javax.annotation-api-1.3.2-sources.jar","javadocContainerUrl":"file:/C:/Users/DELL/.m2/repository/javax/annotation/javax.annotation-api/1.3.2/javax.annotation-api-1.3.2-javadoc.jar","isSystem":false,"isOwn":false,"isTest":false,"isJavaContent":false},{"kind":"binary","path":"C:\\Users\\DELL\\.m2\\repository\\org\\springframework\\spring-core\\5.0.5.RELEASE\\spring-core-5.0.5.RELEASE.jar","sourceContainerUrl":"file:/C:/Users/DELL/.m2/repository/org/springframework/spring-core/5.0.5.RELEASE/spring-core-5.0.5.RELEASE-sources.jar","javadocContainerUrl":"file:/C:/Users/DELL/.m2/repository/org/springframework/spring-core/5.0.5.RELEASE/spring-core-5.0.5.RELEASE-javadoc.jar","isSystem":false,"isOwn":false,"isTest":false,"isJavaContent":false},{"kind":"binary","path":"C:\\Users\\DELL\\.m2\\repository\\org\\springframework\\spring-jcl\\5.0.5.RELEASE\\spring-jcl-5.0.5.RELEASE.jar","sourceContainerUrl":"file:/C:/Users/DELL/.m2/repository/org/springframework/spring-jcl/5.0.5.RELEASE/spring-jcl-5.0.5.RELEASE-sources.jar","javadocContainerUrl":"file:/C:/Users/DELL/.m2/repository/org/springframework/spring-jcl/5.0.5.RELEASE/spring-jcl-5.0.5.RELEASE-javadoc.jar","isSystem":false,"isOwn":false,"isTest":false,"isJavaContent":false},{"kind":"binary","path":"C:\\Users\\DELL\\.m2\\repository\\org\\yaml\\snakeyaml\\1.19\\snakeyaml-1.19.jar","sourceContainerUrl":"file:/C:/Users/DELL/.m2/repository/org/yaml/snakeyaml/1.19/snakeyaml-1.19-sources.jar","javadocContainerUrl":"file:/C:/Users/DELL/.m2/repository/org/yaml/snakeyaml/1.19/snakeyaml-1.19-javadoc.jar","isSystem":false,"isOwn":false,"isTest":false,"isJavaContent":false},{"kind":"binary","path":"C:\\Users\\DELL\\.m2\\repository\\org\\springframework\\boot\\spring-boot-starter-json\\2.0.1.RELEASE\\spring-boot-starter-json-2.0.1.RELEASE.jar","sourceContainerUrl":"file:/C:/Users/DELL/.m2/repository/org/springframework/boot/spring-boot-starter-json/2.0.1.RELEASE/spring-boot-starter-json-2.0.1.RELEASE-sources.jar","isSystem":false,"isOwn":false,"isTest":false,"isJavaContent":false},{"kind":"binary","path":"C:\\Users\\DELL\\.m2\\repository\\com\\fasterxml\\jackson\\datatype\\jackson-datatype-jdk8\\2.9.5\\jackson-datatype-jdk8-2.9.5.jar","sourceContainerUrl":"file:/C:/Users/DELL/.m2/repository/com/fasterxml/jackson/datatype/jackson-datatype-jdk8/2.9.5/jackson-datatype-jdk8-2.9.5-sources.jar","javadocContainerUrl":"file:/C:/Users/DELL/.m2/repository/com/fasterxml/jackson/datatype/jackson-datatype-jdk8/2.9.5/jackson-datatype-jdk8-2.9.5-javadoc.jar","isSystem":false,"isOwn":false,"isTest":false,"isJavaContent":false},{"kind":"binary","path":"C:\\Users\\DELL\\.m2\\repository\\com\\fasterxml\\jackson\\datatype\\jackson-datatype-jsr310\\2.9.5\\jackson-datatype-jsr310-2.9.5.jar","sourceContainerUrl":"file:/C:/Users/DELL/.m2/repository/com/fasterxml/jackson/datatype/jackson-datatype-jsr310/2.9.5/jackson-datatype-jsr310-2.9.5-sources.jar","javadocContainerUrl":"file:/C:/Users/DELL/.m2/repository/com/fasterxml/jackson/datatype/jackson-datatype-jsr310/2.9.5/jackson-datatype-jsr310-2.9.5-javadoc.jar","isSystem":false,"isOwn":false,"isTest":false,"isJavaContent":false},{"kind":"binary","path":"C:\\Users\\DELL\\.m2\\repository\\com\\fasterxml\\jackson\\module\\jackson-module-parameter-names\\2.9.5\\jackson-module-parameter-names-2.9.5.jar","sourceContainerUrl":"file:/C:/Users/DELL/.m2/repository/com/fasterxml/jackson/module/jackson-module-parameter-names/2.9.5/jackson-module-parameter-names-2.9.5-sources.jar","javadocContainerUrl":"file:/C:/Users/DELL/.m2/repository/com/fasterxml/jackson/module/jackson-module-parameter-names/2.9.5/jackson-module-parameter-names-2.9.5-javadoc.jar","isSystem":false,"isOwn":false,"isTest":false,"isJavaContent":false},{"kind":"binary","path":"C:\\Users\\DELL\\.m2\\repository\\org\\springframework\\boot\\spring-boot-starter-tomcat\\2.0.1.RELEASE\\spring-boot-starter-tomcat-2.0.1.RELEASE.jar","sourceContainerUrl":"file:/C:/Users/DELL/.m2/repository/org/springframework/boot/spring-boot-starter-tomcat/2.0.1.RELEASE/spring-boot-starter-tomcat-2.0.1.RELEASE-sources.jar","isSystem":false,"isOwn":false,"isTest":false,"isJavaContent":false},{"kind":"binary","path":"C:\\Users\\DELL\\.m2\\repository\\org\\apache\\tomcat\\embed\\tomcat-embed-core\\8.5.29\\tomcat-embed-core-8.5.29.jar","sourceContainerUrl":"file:/C:/Users/DELL/.m2/repository/org/apache/tomcat/embed/tomcat-embed-core/8.5.29/tomcat-embed-core-8.5.29-sources.jar","isSystem":false,"isOwn":false,"isTest":false,"isJavaContent":false},{"kind":"binary","path":"C:\\Users\\DELL\\.m2\\repository\\org\\apache\\tomcat\\embed\\tomcat-embed-el\\8.5.29\\tomcat-embed-el-8.5.29.jar","sourceContainerUrl":"file:/C:/Users/DELL/.m2/repository/org/apache/tomcat/embed/tomcat-embed-el/8.5.29/tomcat-embed-el-8.5.29-sources.jar","isSystem":false,"isOwn":false,"isTest":false,"isJavaContent":false},{"kind":"binary","path":"C:\\Users\\DELL\\.m2\\repository\\org\\apache\\tomcat\\embed\\tomcat-embed-websocket\\8.5.29\\tomcat-embed-websocket-8.5.29.jar","sourceContainerUrl":"file:/C:/Users/DELL/.m2/repository/org/apache/tomcat/embed/tomcat-embed-websocket/8.5.29/tomcat-embed-websocket-8.5.29-sources.jar","isSystem":false,"isOwn":false,"isTest":false,"isJavaContent":false},{"kind":"binary","path":"C:\\Users\\DELL\\.m2\\repository\\org\\hibernate\\validator\\hibernate-validator\\6.0.9.Final\\hibernate-validator-6.0.9.Final.jar","sourceContainerUrl":"file:/C:/Users/DELL/.m2/repository/org/hibernate/validator/hibernate-validator/6.0.9.Final/hibernate-validator-6.0.9.Final-sources.jar","isSystem":false,"isOwn":false,"isTest":false,"isJavaContent":false},{"kind":"binary","path":"C:\\Users\\DELL\\.m2\\repository\\javax\\validation\\validation-api\\2.0.1.Final\\validation-api-2.0.1.Final.jar","sourceContainerUrl":"file:/C:/Users/DELL/.m2/repository/javax/validation/validation-api/2.0.1.Final/validation-api-2.0.1.Final-sources.jar","javadocContainerUrl":"file:/C:/Users/DELL/.m2/repository/javax/validation/validation-api/2.0.1.Final/validation-api-2.0.1.Final-javadoc.jar","isSystem":false,"isOwn":false,"isTest":false,"isJavaContent":false},{"kind":"binary","path":"C:\\Users\\DELL\\.m2\\repository\\org\\jboss\\logging\\jboss-logging\\3.3.2.Final\\jboss-logging-3.3.2.Final.jar","sourceContainerUrl":"file:/C:/Users/DELL/.m2/repository/org/jboss/logging/jboss-logging/3.3.2.Final/jboss-logging-3.3.2.Final-sources.jar","javadocContainerUrl":"file:/C:/Users/DELL/.m2/repository/org/jboss/logging/jboss-logging/3.3.2.Final/jboss-logging-3.3.2.Final-javadoc.jar","isSystem":false,"isOwn":false,"isTest":false,"isJavaContent":false},{"kind":"binary","path":"C:\\Users\\DELL\\.m2\\repository\\com\\fasterxml\\classmate\\1.3.4\\classmate-1.3.4.jar","sourceContainerUrl":"file:/C:/Users/DELL/.m2/repository/com/fasterxml/classmate/1.3.4/classmate-1.3.4-sources.jar","javadocContainerUrl":"file:/C:/Users/DELL/.m2/repository/com/fasterxml/classmate/1.3.4/classmate-1.3.4-javadoc.jar","isSystem":false,"isOwn":false,"isTest":false,"isJavaContent":false},{"kind":"binary","path":"C:\\Users\\DELL\\.m2\\repository\\org\\springframework\\spring-web\\5.0.5.RELEASE\\spring-web-5.0.5.RELEASE.jar","sourceContainerUrl":"file:/C:/Users/DELL/.m2/repository/org/springframework/spring-web/5.0.5.RELEASE/spring-web-5.0.5.RELEASE-sources.jar","javadocContainerUrl":"file:/C:/Users/DELL/.m2/repository/org/springframework/spring-web/5.0.5.RELEASE/spring-web-5.0.5.RELEASE-javadoc.jar","isSystem":false,"isOwn":false,"isTest":false,"isJavaContent":false},{"kind":"binary","path":"C:\\Users\\DELL\\.m2\\repository\\org\\springframework\\spring-beans\\5.0.5.RELEASE\\spring-beans-5.0.5.RELEASE.jar","sourceContainerUrl":"file:/C:/Users/DELL/.m2/repository/org/springframework/spring-beans/5.0.5.RELEASE/spring-beans-5.0.5.RELEASE-sources.jar","javadocContainerUrl":"file:/C:/Users/DELL/.m2/repository/org/springframework/spring-beans/5.0.5.RELEASE/spring-beans-5.0.5.RELEASE-javadoc.jar","isSystem":false,"isOwn":false,"isTest":false,"isJavaContent":false},{"kind":"binary","path":"C:\\Users\\DELL\\.m2\\repository\\org\\springframework\\spring-webmvc\\5.0.5.RELEASE\\spring-webmvc-5.0.5.RELEASE.jar","sourceContainerUrl":"file:/C:/Users/DELL/.m2/repository/org/springframework/spring-webmvc/5.0.5.RELEASE/spring-webmvc-5.0.5.RELEASE-sources.jar","javadocContainerUrl":"file:/C:/Users/DELL/.m2/repository/org/springframework/spring-webmvc/5.0.5.RELEASE/spring-webmvc-5.0.5.RELEASE-javadoc.jar","isSystem":false,"isOwn":false,"isTest":false,"isJavaContent":false},{"kind":"binary","path":"C:\\Users\\DELL\\.m2\\repository\\org\\springframework\\spring-context\\5.0.5.RELEASE\\spring-context-5.0.5.RELEASE.jar","sourceContainerUrl":"file:/C:/Users/DELL/.m2/repository/org/springframework/spring-context/5.0.5.RELEASE/spring-context-5.0.5.RELEASE-sources.jar","javadocContainerUrl":"file:/C:/Users/DELL/.m2/repository/org/springframework/spring-context/5.0.5.RELEASE/spring-context-5.0.5.RELEASE-javadoc.jar","isSystem":false,"isOwn":false,"isTest":false,"isJavaContent":false},{"kind":"binary","path":"C:\\Users\\DELL\\.m2\\repository\\org\\springframework\\spring-expression\\5.0.5.RELEASE\\spring-expression-5.0.5.RELEASE.jar","sourceContainerUrl":"file:/C:/Users/DELL/.m2/repository/org/springframework/spring-expression/5.0.5.RELEASE/spring-expression-5.0.5.RELEASE-sources.jar","javadocContainerUrl":"file:/C:/Users/DELL/.m2/repository/org/springframework/spring-expression/5.0.5.RELEASE/spring-expression-5.0.5.RELEASE-javadoc.jar","isSystem":false,"isOwn":false,"isTest":false,"isJavaContent":false},{"kind":"binary","path":"C:\\Users\\DELL\\.m2\\repository\\org\\springframework\\boot\\spring-boot-starter-data-jpa\\2.0.1.RELEASE\\spring-boot-starter-data-jpa-2.0.1.RELEASE.jar","sourceContainerUrl":"file:/C:/Users/DELL/.m2/repository/org/springframework/boot/spring-boot-starter-data-jpa/2.0.1.RELEASE/spring-boot-starter-data-jpa-2.0.1.RELEASE-sources.jar","isSystem":false,"isOwn":false,"isTest":false,"isJavaContent":false},{"kind":"binary","path":"C:\\Users\\DELL\\.m2\\repository\\org\\springframework\\boot\\spring-boot-starter-aop\\2.0.1.RELEASE\\spring-boot-starter-aop-2.0.1.RELEASE.jar","sourceContainerUrl":"file:/C:/Users/DELL/.m2/repository/org/springframework/boot/spring-boot-starter-aop/2.0.1.RELEASE/spring-boot-starter-aop-2.0.1.RELEASE-sources.jar","isSystem":false,"isOwn":false,"isTest":false,"isJavaContent":false},{"kind":"binary","path":"C:\\Users\\DELL\\.m2\\repository\\org\\aspectj\\aspectjweaver\\1.8.13\\aspectjweaver-1.8.13.jar","sourceContainerUrl":"file:/C:/Users/DELL/.m2/repository/org/aspectj/aspectjweaver/1.8.13/aspectjweaver-1.8.13-sources.jar","javadocContainerUrl":"file:/C:/Users/DELL/.m2/repository/org/aspectj/aspectjweaver/1.8.13/aspectjweaver-1.8.13-javadoc.jar","isSystem":false,"isOwn":false,"isTest":false,"isJavaContent":false},{"kind":"binary","path":"C:\\Users\\DELL\\.m2\\repository\\org\\springframework\\boot\\spring-boot-starter-jdbc\\2.0.1.RELEASE\\spring-boot-starter-jdbc-2.0.1.RELEASE.jar","sourceContainerUrl":"file:/C:/Users/DELL/.m2/repository/org/springframework/boot/spring-boot-starter-jdbc/2.0.1.RELEASE/spring-boot-starter-jdbc-2.0.1.RELEASE-sources.jar","isSystem":false,"isOwn":false,"isTest":false,"isJavaContent":false},{"kind":"binary","path":"C:\\Users\\DELL\\.m2\\repository\\com\\zaxxer\\HikariCP\\2.7.8\\HikariCP-2.7.8.jar","sourceContainerUrl":"file:/C:/Users/DELL/.m2/repository/com/zaxxer/HikariCP/2.7.8/HikariCP-2.7.8-sources.jar","javadocContainerUrl":"file:/C:/Users/DELL/.m2/repository/com/zaxxer/HikariCP/2.7.8/HikariCP-2.7.8-javadoc.jar","isSystem":false,"isOwn":false,"isTest":false,"isJavaContent":false},{"kind":"binary","path":"C:\\Users\\DELL\\.m2\\repository\\org\\springframework\\spring-jdbc\\5.0.5.RELEASE\\spring-jdbc-5.0.5.RELEASE.jar","sourceContainerUrl":"file:/C:/Users/DELL/.m2/repository/org/springframework/spring-jdbc/5.0.5.RELEASE/spring-jdbc-5.0.5.RELEASE-sources.jar","javadocContainerUrl":"file:/C:/Users/DELL/.m2/repository/org/springframework/spring-jdbc/5.0.5.RELEASE/spring-jdbc-5.0.5.RELEASE-javadoc.jar","isSystem":false,"isOwn":false,"isTest":false,"isJavaContent":false},{"kind":"binary","path":"C:\\Users\\DELL\\.m2\\repository\\org\\hibernate\\hibernate-core\\5.2.16.Final\\hibernate-core-5.2.16.Final.jar","sourceContainerUrl":"file:/C:/Users/DELL/.m2/repository/org/hibernate/hibernate-core/5.2.16.Final/hibernate-core-5.2.16.Final-sources.jar","isSystem":false,"isOwn":false,"isTest":false,"isJavaContent":false},{"kind":"binary","path":"C:\\Users\\DELL\\.m2\\repository\\org\\hibernate\\javax\\persistence\\hibernate-jpa-2.1-api\\1.0.0.Final\\hibernate-jpa-2.1-api-1.0.0.Final.jar","sourceContainerUrl":"file:/C:/Users/DELL/.m2/repository/org/hibernate/javax/persistence/hibernate-jpa-2.1-api/1.0.0.Final/hibernate-jpa-2.1-api-1.0.0.Final-sources.jar","javadocContainerUrl":"file:/C:/Users/DELL/.m2/repository/org/hibernate/javax/persistence/hibernate-jpa-2.1-api/1.0.0.Final/hibernate-jpa-2.1-api-1.0.0.Final-javadoc.jar","isSystem":false,"isOwn":false,"isTest":false,"isJavaContent":false},{"kind":"binary","path":"C:\\Users\\DELL\\.m2\\repository\\org\\javassist\\javassist\\3.22.0-GA\\javassist-3.22.0-GA.jar","sourceContainerUrl":"file:/C:/Users/DELL/.m2/repository/org/javassist/javassist/3.22.0-GA/javassist-3.22.0-GA-sources.jar","javadocContainerUrl":"file:/C:/Users/DELL/.m2/repository/org/javassist/javassist/3.22.0-GA/javassist-3.22.0-GA-javadoc.jar","isSystem":false,"isOwn":false,"isTest":false,"isJavaContent":false},{"kind":"binary","path":"C:\\Users\\DELL\\.m2\\repository\\antlr\\antlr\\2.7.7\\antlr-2.7.7.jar","isSystem":false,"isOwn":false,"isTest":false,"isJavaContent":false},{"kind":"binary","path":"C:\\Users\\DELL\\.m2\\repository\\org\\jboss\\jandex\\2.0.3.Final\\jandex-2.0.3.Final.jar","sourceContainerUrl":"file:/C:/Users/DELL/.m2/repository/org/jboss/jandex/2.0.3.Final/jandex-2.0.3.Final-sources.jar","isSystem":false,"isOwn":false,"isTest":false,"isJavaContent":false},{"kind":"binary","path":"C:\\Users\\DELL\\.m2\\repository\\dom4j\\dom4j\\1.6.1\\dom4j-1.6.1.jar","sourceContainerUrl":"file:/C:/Users/DELL/.m2/repository/dom4j/dom4j/1.6.1/dom4j-1.6.1-sources.jar","isSystem":false,"isOwn":false,"isTest":false,"isJavaContent":false},{"kind":"binary","path":"C:\\Users\\DELL\\.m2\\repository\\org\\hibernate\\common\\hibernate-commons-annotations\\5.0.1.Final\\hibernate-commons-annotations-5.0.1.Final.jar","sourceContainerUrl":"file:/C:/Users/DELL/.m2/repository/org/hibernate/common/hibernate-commons-annotations/5.0.1.Final/hibernate-commons-annotations-5.0.1.Final-sources.jar","isSystem":false,"isOwn":false,"isTest":false,"isJavaContent":false},{"kind":"binary","path":"C:\\Users\\DELL\\.m2\\repository\\javax\\transaction\\javax.transaction-api\\1.2\\javax.transaction-api-1.2.jar","sourceContainerUrl":"file:/C:/Users/DELL/.m2/repository/javax/transaction/javax.transaction-api/1.2/javax.transaction-api-1.2-sources.jar","javadocContainerUrl":"file:/C:/Users/DELL/.m2/repository/javax/transaction/javax.transaction-api/1.2/javax.transaction-api-1.2-javadoc.jar","isSystem":false,"isOwn":false,"isTest":false,"isJavaContent":false},{"kind":"binary","path":"C:\\Users\\DELL\\.m2\\repository\\org\\springframework\\data\\spring-data-jpa\\2.0.6.RELEASE\\spring-data-jpa-2.0.6.RELEASE.jar","sourceContainerUrl":"file:/C:/Users/DELL/.m2/repository/org/springframework/data/spring-data-jpa/2.0.6.RELEASE/spring-data-jpa-2.0.6.RELEASE-sources.jar","javadocContainerUrl":"file:/C:/Users/DELL/.m2/repository/org/springframework/data/spring-data-jpa/2.0.6.RELEASE/spring-data-jpa-2.0.6.RELEASE-javadoc.jar","isSystem":false,"isOwn":false,"isTest":false,"isJavaContent":false},{"kind":"binary","path":"C:\\Users\\DELL\\.m2\\repository\\org\\springframework\\data\\spring-data-commons\\2.0.6.RELEASE\\spring-data-commons-2.0.6.RELEASE.jar","sourceContainerUrl":"file:/C:/Users/DELL/.m2/repository/org/springframework/data/spring-data-commons/2.0.6.RELEASE/spring-data-commons-2.0.6.RELEASE-sources.jar","javadocContainerUrl":"file:/C:/Users/DELL/.m2/repository/org/springframework/data/spring-data-commons/2.0.6.RELEASE/spring-data-commons-2.0.6.RELEASE-javadoc.jar","isSystem":false,"isOwn":false,"isTest":false,"isJavaContent":false},{"kind":"binary","path":"C:\\Users\\DELL\\.m2\\repository\\org\\springframework\\spring-orm\\5.0.5.RELEASE\\spring-orm-5.0.5.RELEASE.jar","sourceContainerUrl":"file:/C:/Users/DELL/.m2/repository/org/springframework/spring-orm/5.0.5.RELEASE/spring-orm-5.0.5.RELEASE-sources.jar","javadocContainerUrl":"file:/C:/Users/DELL/.m2/repository/org/springframework/spring-orm/5.0.5.RELEASE/spring-orm-5.0.5.RELEASE-javadoc.jar","isSystem":false,"isOwn":false,"isTest":false,"isJavaContent":false},{"kind":"binary","path":"C:\\Users\\DELL\\.m2\\repository\\org\\springframework\\spring-tx\\5.0.5.RELEASE\\spring-tx-5.0.5.RELEASE.jar","sourceContainerUrl":"file:/C:/Users/DELL/.m2/repository/org/springframework/spring-tx/5.0.5.RELEASE/spring-tx-5.0.5.RELEASE-sources.jar","javadocContainerUrl":"file:/C:/Users/DELL/.m2/repository/org/springframework/spring-tx/5.0.5.RELEASE/spring-tx-5.0.5.RELEASE-javadoc.jar","isSystem":false,"isOwn":false,"isTest":false,"isJavaContent":false},{"kind":"binary","path":"C:\\Users\\DELL\\.m2\\repository\\org\\slf4j\\slf4j-api\\1.7.25\\slf4j-api-1.7.25.jar","sourceContainerUrl":"file:/C:/Users/DELL/.m2/repository/org/slf4j/slf4j-api/1.7.25/slf4j-api-1.7.25-sources.jar","javadocContainerUrl":"file:/C:/Users/DELL/.m2/repository/org/slf4j/slf4j-api/1.7.25/slf4j-api-1.7.25-javadoc.jar","isSystem":false,"isOwn":false,"isTest":false,"isJavaContent":false},{"kind":"binary","path":"C:\\Users\\DELL\\.m2\\repository\\org\\springframework\\spring-aspects\\5.0.5.RELEASE\\spring-aspects-5.0.5.RELEASE.jar","sourceContainerUrl":"file:/C:/Users/DELL/.m2/repository/org/springframework/spring-aspects/5.0.5.RELEASE/spring-aspects-5.0.5.RELEASE-sources.jar","javadocContainerUrl":"file:/C:/Users/DELL/.m2/repository/org/springframework/spring-aspects/5.0.5.RELEASE/spring-aspects-5.0.5.RELEASE-javadoc.jar","isSystem":false,"isOwn":false,"isTest":false,"isJavaContent":false},{"kind":"binary","path":"C:\\Users\\DELL\\.m2\\repository\\org\\springframework\\boot\\spring-boot-starter-security\\2.0.1.RELEASE\\spring-boot-starter-security-2.0.1.RELEASE.jar","sourceContainerUrl":"file:/C:/Users/DELL/.m2/repository/org/springframework/boot/spring-boot-starter-security/2.0.1.RELEASE/spring-boot-starter-security-2.0.1.RELEASE-sources.jar","isSystem":false,"isOwn":false,"isTest":false,"isJavaContent":false},{"kind":"binary","path":"C:\\Users\\DELL\\.m2\\repository\\org\\springframework\\spring-aop\\5.0.5.RELEASE\\spring-aop-5.0.5.RELEASE.jar","sourceContainerUrl":"file:/C:/Users/DELL/.m2/repository/org/springframework/spring-aop/5.0.5.RELEASE/spring-aop-5.0.5.RELEASE-sources.jar","javadocContainerUrl":"file:/C:/Users/DELL/.m2/repository/org/springframework/spring-aop/5.0.5.RELEASE/spring-aop-5.0.5.RELEASE-javadoc.jar","isSystem":false,"isOwn":false,"isTest":false,"isJavaContent":false},{"kind":"binary","path":"C:\\Users\\DELL\\.m2\\repository\\org\\springframework\\security\\spring-security-config\\5.0.4.RELEASE\\spring-security-config-5.0.4.RELEASE.jar","sourceContainerUrl":"file:/C:/Users/DELL/.m2/repository/org/springframework/security/spring-security-config/5.0.4.RELEASE/spring-security-config-5.0.4.RELEASE-sources.jar","javadocContainerUrl":"file:/C:/Users/DELL/.m2/repository/org/springframework/security/spring-security-config/5.0.4.RELEASE/spring-security-config-5.0.4.RELEASE-javadoc.jar","isSystem":false,"isOwn":false,"isTest":false,"isJavaContent":false},{"kind":"binary","path":"C:\\Users\\DELL\\.m2\\repository\\org\\springframework\\security\\spring-security-core\\5.0.4.RELEASE\\spring-security-core-5.0.4.RELEASE.jar","sourceContainerUrl":"file:/C:/Users/DELL/.m2/repository/org/springframework/security/spring-security-core/5.0.4.RELEASE/spring-security-core-5.0.4.RELEASE-sources.jar","javadocContainerUrl":"file:/C:/Users/DELL/.m2/repository/org/springframework/security/spring-security-core/5.0.4.RELEASE/spring-security-core-5.0.4.RELEASE-javadoc.jar","isSystem":false,"isOwn":false,"isTest":false,"isJavaContent":false},{"kind":"binary","path":"C:\\Users\\DELL\\.m2\\repository\\org\\springframework\\security\\spring-security-web\\5.0.4.RELEASE\\spring-security-web-5.0.4.RELEASE.jar","sourceContainerUrl":"file:/C:/Users/DELL/.m2/repository/org/springframework/security/spring-security-web/5.0.4.RELEASE/spring-security-web-5.0.4.RELEASE-sources.jar","javadocContainerUrl":"file:/C:/Users/DELL/.m2/repository/org/springframework/security/spring-security-web/5.0.4.RELEASE/spring-security-web-5.0.4.RELEASE-javadoc.jar","isSystem":false,"isOwn":false,"isTest":false,"isJavaContent":false},{"kind":"binary","path":"C:\\Users\\DELL\\.m2\\repository\\io\\jsonwebtoken\\jjwt\\0.9.0\\jjwt-0.9.0.jar","sourceContainerUrl":"file:/C:/Users/DELL/.m2/repository/io/jsonwebtoken/jjwt/0.9.0/jjwt-0.9.0-sources.jar","javadocContainerUrl":"file:/C:/Users/DELL/.m2/repository/io/jsonwebtoken/jjwt/0.9.0/jjwt-0.9.0-javadoc.jar","isSystem":false,"isOwn":false,"isTest":false,"isJavaContent":false},{"kind":"binary","path":"C:\\Users\\DELL\\.m2\\repository\\com\\fasterxml\\jackson\\core\\jackson-databind\\2.9.5\\jackson-databind-2.9.5.jar","sourceContainerUrl":"file:/C:/Users/DELL/.m2/repository/com/fasterxml/jackson/core/jackson-databind/2.9.5/jackson-databind-2.9.5-sources.jar","javadocContainerUrl":"file:/C:/Users/DELL/.m2/repository/com/fasterxml/jackson/core/jackson-databind/2.9.5/jackson-databind-2.9.5-javadoc.jar","isSystem":false,"isOwn":false,"isTest":false,"isJavaContent":false},{"kind":"binary","path":"C:\\Users\\DELL\\.m2\\repository\\com\\fasterxml\\jackson\\core\\jackson-annotations\\2.9.0\\jackson-annotations-2.9.0.jar","sourceContainerUrl":"file:/C:/Users/DELL/.m2/repository/com/fasterxml/jackson/core/jackson-annotations/2.9.0/jackson-annotations-2.9.0-sources.jar","javadocContainerUrl":"file:/C:/Users/DELL/.m2/repository/com/fasterxml/jackson/core/jackson-annotations/2.9.0/jackson-annotations-2.9.0-javadoc.jar","isSystem":false,"isOwn":false,"isTest":false,"isJavaContent":false},{"kind":"binary","path":"C:\\Users\\DELL\\.m2\\repository\\com\\fasterxml\\jackson\\core\\jackson-core\\2.9.5\\jackson-core-2.9.5.jar","sourceContainerUrl":"file:/C:/Users/DELL/.m2/repository/com/fasterxml/jackson/core/jackson-core/2.9.5/jackson-core-2.9.5-sources.jar","javadocContainerUrl":"file:/C:/Users/DELL/.m2/repository/com/fasterxml/jackson/core/jackson-core/2.9.5/jackson-core-2.9.5-javadoc.jar","isSystem":false,"isOwn":false,"isTest":false,"isJavaContent":false},{"kind":"binary","path":"C:\\Users\\DELL\\.m2\\repository\\mysql\\mysql-connector-java\\5.1.46\\mysql-connector-java-5.1.46.jar","sourceContainerUrl":"file:/C:/Users/DELL/.m2/repository/mysql/mysql-connector-java/5.1.46/mysql-connector-java-5.1.46-sources.jar","isSystem":false,"isOwn":false,"isTest":false,"isJavaContent":false},{"kind":"source","path":"C:\\Users\\DELL\\Downloads\\spring-boot-jwt (2)\\spring-boot-jwt-master\\src\\main\\java","outputFolder":"C:\\Users\\DELL\\Downloads\\spring-boot-jwt (2)\\spring-boot-jwt-master\\target\\classes","javadocContainerUrl":"file:/C:/Users/DELL/Downloads/spring-boot-jwt%20(2)/spring-boot-jwt-master/target/site/apidocs","isSystem":false,"isOwn":true,"isTest":false,"isJavaContent":true},{"kind":"source","path":"C:\\Users\\DELL\\Downloads\\spring-boot-jwt (2)\\spring-boot-jwt-master\\src\\main\\resources","outputFolder":"C:\\Users\\DELL\\Downloads\\spring-boot-jwt (2)\\spring-boot-jwt-master\\target\\classes","isSystem":false,"isOwn":true,"isTest":false,"isJavaContent":false},{"kind":"source","path":"C:\\Users\\DELL\\Downloads\\spring-boot-jwt (2)\\spring-boot-jwt-master\\src\\test\\resources","outputFolder":"C:\\Users\\DELL\\Downloads\\spring-boot-jwt (2)\\spring-boot-jwt-master\\target\\test-classes","isSystem":false,"isOwn":true,"isTest":true,"isJavaContent":false},{"kind":"source","path":"C:\\Users\\DELL\\Downloads\\spring-boot-jwt (2)\\spring-boot-jwt-master\\src\\test\\java","outputFolder":"C:\\Users\\DELL\\Downloads\\spring-boot-jwt (2)\\spring-boot-jwt-master\\target\\test-classes","javadocContainerUrl":"file:/C:/Users/DELL/Downloads/spring-boot-jwt%20(2)/spring-boot-jwt-master/target/site/apidocs","isSystem":false,"isOwn":true,"isTest":false,"isJavaContent":false}]}